{"query": "Image related to 457335552ff829d355e0b3641e7e33a9.png", "average_score": 0.04170714388601482, "variance": 0.0023754227944615576, "cosine_scores": [-0.04112517461180687, 0.04196543991565704, 0.041711289435625076, 0.04407692700624466, 0.027720225974917412, 0.049103640019893646, 0.14882001280784607, 0.021384790539741516]}
{"query": "University admission chatbot answering student queries", "average_score": 0.24880944658070803, "variance": 0.08860585644224644, "cosine_scores": [0.15563148260116577, 0.08677562326192856, 1.0000001192092896, 0.0785500630736351, 0.12277645617723465, 0.36733075976371765, 0.09580259025096893, 0.083608478307724]}
{"query": "University admission chatbot answering student queries", "average_score": 0.24880944658070803, "variance": 0.08860585644224644, "cosine_scores": [0.15563148260116577, 0.08677562326192856, 1.0000001192092896, 0.0785500630736351, 0.12277645617723465, 0.36733075976371765, 0.09580259025096893, 0.083608478307724]}
